,columns,weight
0,proto_tp++,0.01464457770234058
1,proto_ifmp,0.0038731495072587135
2,proto_sm,0.002765185295083606
3,proto_wb-mon,0.001617964184190053
4,proto_pgm,0.0014029557420026627
5,proto_bna,0.0011963639142416379
6,proto_nsfnet-igp,0.0011578574319108775
7,proto_udp,0.0006016239430838298
8,proto_pvp,0.0005641918115053946
9,proto_qnx,0.0005365682761344706
10,proto_ipcomp,0.0003041411309110475
11,proto_unas,0.000190713070766022
12,label,7.430588472656129e-05
13,proto_ptp,6.061384632988913e-05
14,service_-,5.699669228434464e-05
15,state_INT,2.496743264113595e-05
16,proto_br-sat-mon,0.0
17,proto_egp,0.0
18,proto_dgp,0.0
19,proto_ddx,0.0
20,proto_cbt,0.0
21,proto_ddp,0.0
22,proto_cftp,0.0
23,proto_dcn,0.0
24,proto_eigrp,0.0
25,proto_crtp,0.0
26,proto_cpnx,0.0
27,proto_cphb,0.0
28,proto_compaq-peer,0.0
29,proto_chaos,0.0
30,proto_crudp,0.0
31,state_no,0.0
32,proto_emcon,0.0
33,proto_bbn-rcc,0.0
34,proto_iplt,0.0
35,proto_ipip,0.0
36,proto_ipcv,0.0
37,proto_ip,0.0
38,proto_il,0.0
39,proto_igp,0.0
40,proto_igmp,0.0
41,proto_idrp,0.0
42,proto_idpr-cmtp,0.0
43,proto_idpr,0.0
44,proto_icmp,0.0
45,proto_ib,0.0
46,proto_iatp,0.0
47,proto_i-nlsp,0.0
48,proto_hmp,0.0
49,proto_gre,0.0
50,proto_gmtp,0.0
51,proto_ggp,0.0
52,proto_fire,0.0
53,proto_fc,0.0
54,proto_etherip,0.0
55,proto_encap,0.0
56,proto_aris,0.0
57,proto_ax.25,0.0
58,dloss,0.0
59,tcprtt,0.0
60,dwin,0.0
61,dtcpb,0.0
62,stcpb,0.0
63,swin,0.0
64,djit,0.0
65,sjit,0.0
66,dinpkt,0.0
67,sinpkt,0.0
68,sloss,0.0
69,ackdat,0.0
70,dload,0.0
71,sload,0.0
72,dttl,0.0
73,sttl,0.0
74,rate,0.0
75,dbytes,0.0
76,sbytes,0.0
77,dpkts,0.0
78,spkts,0.0
79,synack,0.0
80,smean,0.0
81,proto_arp,0.0
82,ct_flw_http_mthd,0.0
83,proto_ippc,0.0
84,proto_argus,0.0
85,proto_any,0.0
86,proto_aes-sp3-d,0.0
87,proto_a/n,0.0
88,proto_3pc,0.0
89,is_sm_ips_ports,0.0
90,ct_srv_dst,0.0
91,ct_src_ltm,0.0
92,ct_ftp_cmd,0.0
93,dmean,0.0
94,is_ftp_login,0.0
95,ct_dst_src_ltm,0.0
96,ct_dst_sport_ltm,0.0
97,ct_src_dport_ltm,0.0
98,ct_dst_ltm,0.0
99,ct_state_ttl,0.0
100,ct_srv_src,0.0
101,response_body_len,0.0
102,trans_depth,0.0
103,proto_ipnip,0.0
104,proto_irtp,0.0
105,proto_ipv6,0.0
106,proto_trunk-2,0.0
107,proto_xnet,0.0
108,proto_wsn,0.0
109,proto_wb-expak,0.0
110,proto_vrrp,0.0
111,proto_vmtp,0.0
112,proto_visa,0.0
113,proto_vines,0.0
114,proto_uti,0.0
115,proto_ttp,0.0
116,proto_trunk-1,0.0
117,proto_ipv6-frag,0.0
118,proto_tlsp,0.0
119,proto_tcp,0.0
120,proto_tcf,0.0
121,proto_swipe,0.0
122,proto_sun-nd,0.0
123,proto_stp,0.0
124,proto_st2,0.0
125,proto_srp,0.0
126,proto_sps,0.0
127,proto_xns-idp,0.0
128,proto_xtp,0.0
129,proto_zero,0.0
130,service_dhcp,0.0
131,state_RST,0.0
132,state_REQ,0.0
133,state_PAR,0.0
134,state_FIN,0.0
135,state_ECO,0.0
136,state_CON,0.0
137,state_CLO,0.0
138,state_ACC,0.0
139,service_ssl,0.0
140,service_ssh,0.0
141,service_snmp,0.0
142,service_smtp,0.0
143,service_radius,0.0
144,service_pop3,0.0
145,service_irc,0.0
146,service_http,0.0
147,service_ftp-data,0.0
148,service_ftp,0.0
149,service_dns,0.0
150,proto_sprite-rpc,0.0
151,proto_snp,0.0
152,proto_smp,0.0
153,proto_narp,0.0
154,proto_mtp,0.0
155,proto_mobile,0.0
156,proto_micp,0.0
157,proto_mhrp,0.0
158,proto_mfe-nsp,0.0
159,proto_merit-inp,0.0
160,proto_leaf-2,0.0
161,proto_leaf-1,0.0
162,proto_larp,0.0
163,proto_l2tp,0.0
164,proto_kryptolan,0.0
165,proto_iso-tp4,0.0
166,proto_iso-ip,0.0
167,proto_isis,0.0
168,state_URN,0.0
169,proto_ipx-n-ip,0.0
170,proto_ipv6-route,0.0
171,proto_ipv6-opts,0.0
172,proto_ipv6-no,0.0
173,proto_mux,0.0
174,proto_netblt,0.0
175,proto_skip,0.0
176,proto_nvp,0.0
177,proto_sep,0.0
178,proto_secure-vmtp,0.0
179,proto_sdrp,0.0
180,proto_sctp,0.0
181,proto_scps,0.0
182,proto_sccopmce,0.0
183,proto_sat-mon,0.0
184,proto_sat-expak,0.0
185,proto_rvd,0.0
186,proto_rtp,0.0
187,proto_rsvp,0.0
188,proto_rdp,0.0
189,proto_pup,0.0
190,proto_prm,0.0
191,proto_pri-enc,0.0
192,proto_pnni,0.0
193,proto_pipe,0.0
194,proto_pim,0.0
195,proto_ospf,0.0
196,dur,0.0
